#,First name,Last name,Code,Gender,School code,DOB
1,Marjorie,Cassey,3298804924,Female,SC06,2005-03-10
2,Kelsey,Glennon,9558714216,Male,SC03,2002-01-15
3,Rockey,Pelchat,4262770885,Male,SC04,2004-12-27
4,Kimbell,Lambe,7820323531,Male,SC05,2002-02-01
5,Jeanie,Friday,1610889185,Female,SC04,2003-10-27
6,Cairistiona,McCutheon,8166437473,Female,SC04,2007-11-18
7,Christiane,Delbergue,2796343227,Female,SC02,2002-03-14
8,Randee,Suddock,1134328915,Female,SC07,2006-05-11
9,Melvyn,Sumption,0839583842,Male,SC07,2004-12-16
10,Kim,Brobeck,7526527923,Male,SC05,2007-05-26
11,Madelaine,Ibel,7606401519,Female,SC03,2007-03-20
12,Kimbell,Scanlon,1142928241,Male,SC07,2005-12-02
13,Gonzalo,Vaskin,5576834887,Male,SC05,2001-02-21
14,Nikki,Hiley,5917634742,Female,SC06,2007-09-17
15,Duff,Farron,0912147911,Male,SC08,2007-06-15
16,Verne,Baszniak,8184522541,Male,SC03,2000-11-04
17,Cori,Birkby,7483792612,Male,SC02,2007-08-07
18,Libby,Shucksmith,9370665536,Female,SC02,2009-05-06
19,Janith,Batchley,9314956407,Female,SC05,2004-10-17
20,Susana,Reneke,6431535049,Female,SC07,2008-10-15
21,Alika,Dumbelton,0581478177,Female,SC03,2003-05-16
22,Loydie,Naisbet,1948027372,Male,SC05,2007-05-07
23,Fedora,Johncey,1841275867,Female,SC04,2000-08-07
24,Alexander,Benitez,1550499033,Male,SC05,2002-08-26
25,Brittni,Flook,7713126686,Female,SC07,2002-10-27
26,Mattias,Hofler,7518142457,Male,SC03,2008-08-22
27,Yurik,Ilchenko,0765817462,Male,SC04,2008-12-30
28,Lyell,Lefeuvre,8103385107,Male,SC07,2006-04-14
29,Mychal,Maffia,0490114903,Male,SC02,2008-02-03
30,Torey,Howorth,1959872524,Male,SC05,2006-01-19
31,Arri,Rachuig,2780373849,Male,SC01,2004-09-14
32,Nani,Gready,3280263433,Female,SC05,2007-08-04
33,Gregory,Doyley,2462658793,Male,SC02,2008-12-13
34,Evvy,Ivanyutin,1574776843,Female,SC06,2007-08-04
35,Arline,Sextie,5456374366,Female,SC02,2006-01-06
36,Pren,Pottiphar,5948632016,Male,SC08,2002-07-04
37,Georg,Koppeck,7130733764,Male,SC06,2008-04-03
38,Nichole,Peters,0578068710,Male,SC02,2007-11-15
39,Zach,Picopp,5519553238,Male,SC02,2005-11-02
40,Katalin,Beran,9163197693,Female,SC07,2008-11-13
41,Roderick,Trousdale,9475709126,Male,SC06,2010-09-17
42,Rozalie,Leary,5114968068,Female,SC01,2006-10-31
43,Carl,Antonchik,9781635096,Male,SC01,2010-10-25
44,Rickie,Witherow,1543420125,Male,SC07,2009-11-03
45,Coralyn,Hoofe,0176723285,Female,SC06,2004-01-07
46,Jason,Kubanek,8966771629,Male,SC07,2003-07-28
47,Cointon,Osinin,8268269383,Male,SC06,2003-03-12
48,Carver,Bang,6268785258,Male,SC06,2000-02-14
49,Therese,Skinley,7500512104,Female,SC04,2005-03-09
50,Viviana,Cullivan,5336249246,Female,SC01,2002-01-12
51,Consuela,Nudde,2208604881,Female,SC08,2002-01-17
52,Dalt,O'Kinneally,5699333517,Male,SC07,2008-06-19
53,Beverlie,Leversha,0559470584,Female,SC04,2009-02-27
54,Addi,Pullinger,0512855765,Female,SC01,2003-09-05
55,Viviana,Broz,6239800864,Female,SC06,2002-01-20
56,Milton,Jayme,1014902436,Male,SC03,2009-12-31
57,Tonia,Boddymead,4907261047,Female,SC01,2000-08-06
58,Noach,Vicar,4520099773,Male,SC04,2006-07-25
59,Emalia,Brockbank,6992635417,Female,SC03,2003-11-30
60,Marla,Gerrietz,6703475539,Female,SC08,2001-03-02
61,Sophronia,Mariolle,8445272802,Female,SC03,2001-03-26
62,Jess,Habbes,7931261712,Female,SC01,2000-05-18
63,Drud,Grumble,0908811853,Male,SC05,2005-05-31
64,Ward,Statton,5359259221,Male,SC04,2009-09-15
65,Brooke,Dreus,4455803092,Female,SC04,2004-05-13
66,Evey,O'Brogane,1745561587,Female,SC07,2008-04-18
67,Cully,Rubroe,7581860612,Male,SC06,2006-02-09
68,Nathanial,Whittuck,1871818419,Male,SC06,2003-04-29
69,Hattie,Lynnitt,1692361341,Female,SC02,2007-03-29
70,Hobie,Helleker,2236366027,Male,SC07,2004-03-23
71,Friedrich,Hartwell,3912349568,Male,SC07,2009-07-23
72,Jerald,Ackroyd,8108032687,Male,SC04,2005-01-03
73,Boyd,Sutliff,0729441555,Male,SC02,2006-03-30
74,Selene,Yakebovich,1932177434,Female,SC03,2008-03-20
75,Kelvin,Peete,2062921187,Male,SC03,2007-08-26
76,Pearline,Breedy,9827974785,Female,SC03,2000-09-18
77,Dane,Meach,6876311481,Male,SC07,2007-07-08
78,Leona,Merill,8278114021,Female,SC01,2007-10-29
79,Filmer,Kubicek,2893483550,Male,SC08,2002-10-09
80,Koo,Blackborow,3237605174,Female,SC02,2001-10-23
81,Bruce,Degoy,5664384271,Male,SC02,2008-07-11
82,Eugen,Kliemchen,8931236220,Male,SC08,2008-12-23
83,Cecil,Goff,6297178712,Male,SC01,2001-05-06
84,Colver,McPeeters,3758338778,Male,SC08,2005-04-11
85,Candice,Lorraine,5285285577,Female,SC02,2007-05-10
86,Shae,Paolino,4776195658,Male,SC02,2008-03-18
87,Ingelbert,Archbould,2300899434,Male,SC04,2004-05-30
88,Olga,Bennen,1267421118,Female,SC07,2009-12-11
89,Dalenna,Bouldstridge,5009784319,Female,SC04,2001-08-02
90,Adriaens,Solesbury,8427401183,Female,SC05,2007-06-27
91,Thornton,Fitchet,3910507433,Male,SC04,2005-10-04
92,Quincy,Sinden,7273525790,Male,SC04,2007-02-23
93,Marlo,Kausche,2893773877,Female,SC06,2006-06-05
94,Darnell,Kobiera,9155838197,Male,SC05,2009-03-29
95,Amby,Crasford,2730513450,Male,SC05,2008-08-11
96,Rowena,Abela,6226844159,Female,SC02,2005-03-09
97,Thor,Ariss,3029469700,Male,SC01,2003-08-01
98,Charita,Gauch,5010841886,Female,SC01,2009-08-04
99,Adriena,Eckford,3111028232,Female,SC04,2006-06-01
100,Cory,Cunio,0362775435,Male,SC05,2009-01-07
101,Yettie,Hugonnet,7839770630,Female,SC08,2005-04-28
102,Zaccaria,Newbery,5326378345,Male,SC06,2006-09-17
103,Tedman,O'Scollee,8642778814,Male,SC06,2000-06-18
104,Alameda,Jones,9755611010,Female,SC05,2006-09-28
105,Danette,Cudbertson,7213923072,Female,SC06,2008-11-19
106,Dana,Riste,9792550518,Male,SC05,2000-01-12
107,Gates,Ingall,8942033776,Female,SC01,2001-03-20
108,Dulcine,Isaac,2558257064,Female,SC01,2001-12-11
109,Benjamen,Odger,0223416614,Male,SC07,2009-07-17
110,Honor,Hoult,3678039189,Female,SC03,2004-09-09
111,Ettie,Ronaldson,0982948786,Female,SC03,2010-01-06
112,Malva,Dear,9721127604,Female,SC02,2000-01-25
113,Hermina,Fedder,6270513774,Female,SC02,2003-03-10
114,Carroll,Salliss,1270203711,Female,SC06,2009-07-08
115,Hy,Swanston,9203237909,Male,SC02,2010-12-18
116,Alejoa,Pittwood,0617670269,Male,SC06,2002-07-11
117,Julia,Beedell,8574452009,Female,SC04,2010-12-08
118,Marsh,Dunn,3287355392,Male,SC03,2007-05-06
119,Elana,Nystrom,9076588317,Female,SC08,2008-09-07
120,Gauthier,Bilton,3046601328,Male,SC06,2009-03-18
121,Ruby,Goodbanne,8370806295,Female,SC08,2004-04-13
122,Jammie,Gusticke,2444343816,Female,SC01,2004-05-19
123,Allison,Brookton,1242229043,Female,SC01,2002-09-16
124,Reeta,Whitwood,9062498426,Female,SC02,2009-02-07
125,Jorgan,Chitty,7670632038,Male,SC03,2006-03-15
126,Giffer,Janodet,3123656179,Male,SC06,2004-01-07
127,Nestor,Butfield,9754703361,Male,SC05,2009-02-26
128,Dareen,Tremain,9898800755,Female,SC02,2000-09-10
129,Harvey,Bever,0882566504,Male,SC02,2001-10-28
130,Flin,Patrono,8284105039,Male,SC01,2010-06-10
131,Erwin,Manginot,3952894583,Male,SC04,2010-03-27
132,Damara,Hicklingbottom,6702084501,Female,SC08,2003-05-02
133,Flin,Oslar,4677228825,Male,SC06,2004-07-17
134,Elnora,Brantl,1695068351,Female,SC06,2007-02-02
135,Keefer,Pellingar,9476056304,Male,SC01,2002-04-15
136,Ethelbert,Boss,9383360844,Male,SC08,2002-11-25
137,Huntlee,Jordi,3310853543,Male,SC06,2005-04-14
138,Thalia,Stockau,7676469163,Female,SC03,2009-11-08
139,Doug,Sancraft,8600435544,Male,SC02,2008-03-07
140,Klara,Gilhespy,7704333402,Female,SC05,2003-09-19
141,Abbey,Murrock,8915543114,Male,SC03,2009-07-21
142,Nell,Le Quesne,9842944069,Female,SC07,2009-02-04
143,Karlis,Lanfranchi,6752166404,Male,SC05,2000-01-31
144,Janean,Di Frisco,6834266178,Female,SC04,2002-04-20
145,Case,Gourdon,5503617002,Male,SC07,2000-07-28
146,Cynthia,Farnhill,5476850864,Female,SC04,2002-08-21
147,Ulises,Parkinson,6534877988,Male,SC02,2009-06-29
148,Addie,Rudyard,1310076693,Male,SC05,2005-09-13
149,Monroe,Easey,8471619016,Male,SC06,2005-04-25
150,Chadwick,Onion,1684932556,Male,SC05,2000-12-30
151,Kanya,Whitcher,4282010134,Female,SC08,2007-03-12
152,Evelyn,Acreman,4966801176,Male,SC01,2004-08-28
153,Tildie,Antognoni,1130644286,Female,SC04,2008-03-26
154,Herby,Sargison,5288766126,Male,SC08,2006-10-31
155,Veronica,Gantz,2394220090,Female,SC01,2004-08-13
156,Catherine,Bowerman,2390601782,Female,SC02,2007-09-24
157,Illa,Garmans,6945125424,Female,SC01,2009-12-11
158,Whittaker,Puckinghorne,7659366416,Male,SC03,2006-04-12
159,Rustie,Wisker,6903528695,Male,SC02,2005-05-13
160,Nevile,Rowell,7213220276,Male,SC04,2006-05-04
161,Francoise,Lyptrit,9011059794,Female,SC06,2000-05-08
162,Francisca,Toomey,3331820008,Female,SC03,2003-08-08
163,Marissa,Kensit,3119083232,Female,SC07,2008-03-01
164,Jena,Ochterlonie,7675515560,Female,SC03,2005-04-10
165,Quintin,Emmert,7913101067,Male,SC05,2007-10-19
166,Dalston,Peile,4860469313,Male,SC06,2003-03-23
167,Sharon,Kolinsky,1194695728,Female,SC04,2003-07-18
168,Fidole,Ball,8340063049,Male,SC07,2009-04-21
169,Shandeigh,Tineman,1610413296,Female,SC08,2003-07-27
170,Bud,Waltering,6775236719,Male,SC01,2002-10-16
171,Timofei,Winkle,1213962935,Male,SC04,2010-02-04
172,Amandi,Glaister,1040643302,Female,SC03,2005-06-23
173,Beck,Faye,7959107955,Male,SC01,2008-08-25
174,Danny,Argabrite,0618773843,Male,SC06,2008-03-30
175,Aeriela,Vanelli,6536331672,Female,SC08,2002-05-15
176,Corri,Vauter,6505692789,Female,SC01,2002-08-16
177,Abra,Sargeaunt,1644267756,Female,SC05,2010-12-06
178,Esme,Orgel,9954862897,Female,SC02,2004-10-14
179,Charlotte,Norridge,5478216003,Female,SC05,2001-09-05
180,Currie,Akett,4530076199,Male,SC07,2004-04-11
181,Idell,Andrys,8351647993,Female,SC07,2003-05-23
182,Ginny,Wilkinson,4734049580,Female,SC08,2002-02-19
183,Ed,Gillooly,7308404765,Male,SC05,2004-05-26
184,Sheppard,Zanitti,2560197464,Male,SC05,2001-01-19
185,Keriann,Giraudo,8023455591,Female,SC07,2002-04-06
186,Nicolis,Abad,9752016537,Male,SC07,2009-05-27
187,Kristel,Borg-Bartolo,4906773400,Female,SC07,2002-01-04
188,Arlen,Vasilchenko,2754925481,Female,SC02,2007-06-10
189,Merry,Molden,0396866557,Female,SC08,2008-07-03
190,Britt,Sworder,8415605706,Female,SC08,2010-11-06
191,Blancha,Warwicker,7019919294,Female,SC03,2010-03-30
192,Toddy,Haston,5188761637,Male,SC03,2007-10-08
193,Herminia,Archbutt,4877138595,Female,SC06,2008-12-06
194,Saundra,Negro,9926193978,Male,SC02,2010-10-13
195,Wilden,Hargrave,3391135832,Male,SC04,2006-06-25
196,Marsiella,Azemar,8296199300,Female,SC05,2004-09-18
197,Duffy,Bettaney,2324540797,Male,SC02,2010-06-26
198,Ardene,Kinnar,1440795061,Female,SC06,2002-12-08
199,Alaric,Asbrey,7021575572,Male,SC02,2001-02-21
200,Barnie,Minger,7723193092,Male,SC06,2004-10-07
201,Fan,Bosenworth,8058323349,Female,SC02,2006-04-06
202,Gracie,Burrass,9532332367,Female,SC02,2006-01-21
203,Danette,Reiling,2714839622,Female,SC07,2007-02-21
204,Aimil,Tuckey,3138282512,Female,SC04,2004-04-12
205,Booth,Burbudge,7631544433,Male,SC01,2004-10-26
206,Milicent,Pendrick,6900176046,Female,SC02,2001-09-13
207,Giorgio,Wilton,3008941664,Male,SC01,2002-11-17
208,Karel,Andrioni,1935501410,Male,SC07,2007-04-03
209,Randal,Girodier,0596202563,Male,SC08,2009-11-11
210,Thorndike,Schwerin,8464609930,Male,SC07,2000-02-09
211,Glyn,McDonogh,2519547189,Male,SC05,2005-04-04
212,Jany,Hayball,0800490215,Female,SC07,2006-03-29
213,Homer,Thompson,1636423361,Male,SC06,2000-02-10
214,Noami,McLurg,6492757297,Female,SC01,2009-11-25
215,Berte,Langmead,0889100403,Female,SC07,2008-01-10
216,Debby,Abbotts,0963943731,Female,SC08,2007-08-31
217,Archambault,Roughsedge,6649995495,Male,SC01,2009-01-21
218,Paulo,Ullett,3858167592,Male,SC04,2004-01-03
219,Ferdinanda,Call,9156812116,Female,SC05,2005-09-19
220,Regen,Santoro,6277610465,Male,SC04,2004-01-27
221,Daffi,Lyness,0482687134,Female,SC01,2007-11-23
222,Francoise,Popelay,5109551480,Female,SC03,2005-06-14
223,Kathie,Kaysor,1204777268,Female,SC04,2001-12-01
224,Murial,Gautrey,2262821062,Female,SC07,2008-01-20
225,Daren,Parysowna,5582150056,Male,SC01,2009-06-08
226,Ogden,Godon,7565114049,Male,SC08,2010-04-14
227,Bevin,Tuckerman,0028442830,Male,SC04,2007-02-25
228,Pavia,Batalle,1608574296,Female,SC06,2003-12-14
229,Lanni,Opie,7716023772,Female,SC02,2003-01-01
230,Francyne,Warbys,2660590923,Female,SC08,2008-02-11
231,Xymenes,Holliar,5330034809,Male,SC01,2001-09-26
232,Pat,Babidge,5757518774,Female,SC08,2010-03-17
233,Cassie,Gavagan,8852736581,Male,SC01,2002-08-13
234,Gardie,Kiloh,5603546646,Male,SC03,2001-07-08
235,Terrell,Geall,0277169909,Male,SC04,2006-05-16
236,Merrilee,Harmar,7545765370,Female,SC05,2001-12-10
237,Lane,Huguet,3780034948,Male,SC03,2010-06-27
238,Loise,Trusler,0585737029,Female,SC03,2004-09-11
239,Ardyth,Dusting,2213050538,Female,SC08,2010-07-18
240,Morry,Hasney,8168042352,Male,SC07,2008-04-28
241,Aubrie,Grigoryev,9042434813,Female,SC04,2006-10-14
242,Borden,Nono,1942627459,Male,SC04,2007-03-04
243,Britteny,Son,8027826241,Female,SC04,2007-09-09
244,Crystal,Taunton.,9987791611,Female,SC07,2004-06-03
245,Boothe,Haizelden,0611389169,Male,SC03,2008-12-31
246,Lorrie,Renny,5775826639,Female,SC03,2003-09-28
247,Brigid,Harle,1986870464,Female,SC06,2002-11-02
248,Elisha,Davydzenko,4290944450,Male,SC03,2001-09-22
249,Steffi,Epinay,9880982614,Female,SC01,2005-01-23
250,Cele,Calveley,8590144240,Female,SC03,2000-12-27
251,Daniele,Wildber,5552138627,Female,SC06,2001-03-19
252,Averyl,Domeny,0237149192,Female,SC01,2004-05-10
253,Corilla,Torregiani,9804073609,Female,SC06,2009-05-15
254,Abby,Charter,6658436320,Male,SC07,2000-01-20
255,Philippe,Pulster,0864041853,Female,SC02,2010-02-11
256,Kristine,Kemwall,9173983241,Female,SC04,2005-03-06
257,Rahel,Davidson,2628600021,Female,SC01,2008-02-08
258,Jenni,Casajuana,0726214493,Female,SC03,2009-06-05
259,Nicolea,Crease,4443967842,Female,SC08,2000-02-20
260,Nerte,Murton,0555853098,Female,SC01,2006-02-27
261,Worden,Struther,3652660862,Male,SC03,2001-06-09
262,Crista,Emsden,2801032115,Female,SC04,2006-10-19
263,Darryl,Dykins,8400565606,Female,SC02,2000-06-27
264,Henri,Elvy,4932522029,Male,SC08,2003-10-21
265,Alanson,Castagnet,7043843367,Male,SC05,2005-07-21
266,Lind,Peartree,0202320715,Male,SC01,2003-05-05
267,Sonnnie,Dible,7916805782,Female,SC07,2008-04-09
268,Nicholas,Snalham,8940163087,Male,SC05,2004-02-05
269,Case,Lohden,2435903138,Male,SC01,2004-05-23
270,Nevins,Niessen,0513300058,Male,SC08,2001-12-04
271,Luci,Ollington,3427815625,Female,SC06,2002-01-27
272,Howie,Probbin,9571114847,Male,SC03,2001-12-13
273,Jacky,McGann,7149995519,Female,SC05,2009-10-24
274,Shea,Leppard,3884921363,Female,SC03,2007-10-22
275,Estele,Szymonwicz,5975017513,Female,SC04,2001-03-07
276,Diandra,Duggen,0865953171,Female,SC04,2009-02-08
277,Chrissy,MacDearmid,9932115886,Female,SC08,2002-09-07
278,George,Jannex,9778761159,Female,SC04,2007-03-12
279,Andreas,Mitchelson,4746518025,Male,SC01,2009-11-19
280,Andreana,Idiens,9898065397,Female,SC08,2009-10-10
281,Rhys,Eble,6257621801,Male,SC02,2006-11-21
282,Ingelbert,Coppock.,8966672639,Male,SC05,2003-05-13
283,Spenser,Handes,4536846832,Male,SC05,2001-08-09
284,Phylis,Cruse,0960099980,Female,SC02,2004-10-16
285,Genvieve,Hinrich,3461626694,Female,SC02,2003-02-12
286,Ignacius,O'Bruen,0922433941,Male,SC02,2003-01-28
287,Burl,Ruckman,3228886379,Male,SC02,2007-04-05
288,Geri,Lomansey,9879646940,Male,SC01,2003-12-29
289,Onida,Phebey,3224272686,Female,SC04,2001-03-08
290,Judye,Gostling,1243871652,Female,SC02,2008-10-16
291,Carmina,Gurys,3735944884,Female,SC05,2007-09-11
292,Hallsy,Sherebrook,9452250828,Male,SC08,2009-02-18
293,Rochester,Acton,3277529878,Male,SC02,2004-10-19
294,Tracey,Neligan,3087038148,Female,SC06,2002-09-19
295,Clarisse,Handover,4166501127,Female,SC06,2010-10-06
296,Arden,Wafer,4217384459,Female,SC07,2001-08-15
297,Kennith,Exton,1706727518,Male,SC07,2009-07-09
298,Matthaeus,Evamy,0754236226,Male,SC01,2001-02-02
299,Dicky,Moss,5232040596,Male,SC05,2004-05-18
300,Margarethe,Took,2904008659,Female,SC02,2002-08-09
301,Shana,Yushachkov,2384787993,Female,SC07,2005-05-28
302,Ariadne,Parmenter,6650508020,Female,SC08,2000-11-27
303,Christophorus,McGinnis,1614418217,Male,SC04,2001-03-18
304,Nahum,Baulcombe,4795308659,Male,SC04,2004-07-08
305,Ashely,Nangle,6549961076,Female,SC03,2005-10-06
306,Ugo,Do Rosario,8102079169,Male,SC07,2000-04-01
307,Jard,Dosedale,4514742422,Male,SC01,2001-08-29
308,Benton,Aughtie,0881578835,Male,SC06,2003-04-05
309,Myrtia,Easseby,5028840687,Female,SC08,2002-02-08
310,Roma,Pashenkov,0539706280,Male,SC06,2007-07-05
311,Westbrooke,Errey,0394782186,Male,SC07,2005-03-24
312,Harlie,Macken,9053446052,Female,SC02,2008-04-25
313,Batholomew,Ringrose,6184967320,Male,SC02,2002-04-06
314,Nisse,Dumbar,3140483465,Female,SC07,2004-06-27
315,Violette,Mingame,1788299647,Female,SC03,2003-09-29
316,Bryn,Sedgemore,0077658035,Male,SC04,2004-03-24
317,Grier,Probin,8536402652,Female,SC02,2008-08-28
318,Lionel,Minnis,1208002961,Male,SC07,2004-10-15
319,Curr,MacGuffog,1605718939,Male,SC07,2008-06-14
320,Scottie,Warsap,1788044568,Male,SC02,2006-10-23
321,Ugo,Pieroni,4935447958,Male,SC04,2008-04-04
322,Nobie,Heskey,9073261554,Male,SC05,2006-07-03
323,Arnaldo,Obey,5875208600,Male,SC06,2004-05-03
324,Philippine,Fiddyment,8084679775,Female,SC03,2009-09-17
325,Keary,Czapla,4907353863,Male,SC08,2010-10-05
326,Irena,Tremblot,1032185686,Female,SC05,2001-12-07
327,Vilhelmina,Pidgeley,8471601710,Female,SC01,2001-07-29
328,Bethina,Benning,1959420607,Female,SC01,2005-12-07
329,Elwood,Dalgety,5514779203,Male,SC06,2009-09-28
330,Silvain,Monan,3680061080,Male,SC03,2003-05-25
331,Ginelle,Jenson,7121711524,Female,SC06,2005-04-18
332,Madlin,Benettini,0321301307,Female,SC04,2001-12-20
333,Doloritas,M'Barron,2237128499,Female,SC05,2009-09-30
334,Caryl,Lies,1765463734,Female,SC02,2006-02-04
335,Ellsworth,Ottley,1061248402,Male,SC08,2008-12-20
336,Gilles,Painter,5705678738,Male,SC04,2010-08-17
337,Troy,Giovannetti,5908306924,Male,SC05,2001-01-03
338,Jeremias,Bonallick,3700931689,Male,SC04,2004-11-09
339,Jud,Servante,4992393802,Male,SC06,2002-01-13
340,Deni,Cholerton,4877767665,Female,SC03,2005-03-12
341,Stacia,Alldre,1787991164,Female,SC05,2001-12-23
342,Riane,Guihen,3984902565,Female,SC01,2003-10-21
343,Mariana,Goodyer,6159022776,Female,SC02,2004-08-01
344,Keslie,Berggren,2213836000,Female,SC05,2008-12-30
345,Tore,Croxon,0472395890,Male,SC05,2007-01-13
346,Wait,Molson,3196899772,Male,SC06,2004-11-02
347,Goraud,MacAdam,2415802972,Male,SC06,2002-08-14
348,Terencio,Seater,1439228477,Male,SC08,2007-07-14
349,Kirsten,Brabyn,5244580388,Female,SC06,2008-01-11
350,Paxton,Buttriss,9771334387,Male,SC04,2010-02-09
351,Mercedes,Danielczyk,9325325012,Female,SC03,2005-02-03
352,Chev,Troni,6980017276,Male,SC04,2002-06-20
353,Shurlock,Mico,7218847226,Male,SC01,2005-06-13
354,Luis,Jefferd,1884438334,Male,SC04,2004-02-03
355,Chery,Brunskill,4528304236,Female,SC06,2008-07-07
356,Rowan,Dinwoodie,8900377264,Male,SC06,2006-01-11
357,Alexa,Rysom,0212914553,Female,SC01,2001-10-16
358,Silvain,Triner,0093853432,Male,SC07,2006-06-03
359,Jeniece,Curgenven,4687540724,Female,SC01,2003-10-06
360,Shell,Olivetti,3557708012,Male,SC05,2000-06-11
361,Odie,Woolens,8331886747,Male,SC08,2006-08-06
362,Mattie,Summerlad,4348343853,Male,SC04,2006-03-28
363,Randi,Billingsly,4404713630,Male,SC05,2008-12-23
364,Skip,Lias,8855928996,Male,SC03,2004-07-15
365,Clerc,Thonason,4714344315,Male,SC03,2002-04-29
366,Maridel,O'Hannigan,3466912415,Female,SC06,2003-06-22
367,Burke,Tomblett,7251146630,Male,SC06,2004-01-07
368,Hymie,Ruzic,2766740333,Male,SC07,2003-04-30
369,Steffie,Haseley,6144667539,Female,SC01,2002-01-13
370,Pieter,Napoleone,2769914308,Male,SC05,2009-02-09
371,Carolan,Crasswell,3960045492,Female,SC07,2006-12-15
372,Boony,Mack,3199972934,Male,SC01,2009-10-14
373,Flo,Bercher,2952099774,Female,SC02,2003-10-30
374,Carney,Mettricke,9123142006,Male,SC08,2007-01-25
375,Killian,Norwood,5603372338,Male,SC04,2004-03-22
376,Candida,Eldershaw,3844847693,Female,SC03,2000-12-23
377,Sheelah,Covey,0208761802,Female,SC02,2010-02-01
378,Warren,Jolliff,9659246447,Male,SC07,2001-02-22
379,Payton,Tuppeny,0074503901,Male,SC04,2006-01-12
380,Sheppard,Grealy,4041699746,Male,SC08,2006-07-06
381,Melodee,Olrenshaw,0580523047,Female,SC03,2009-04-25
382,Crawford,Jedrys,2334150363,Male,SC07,2010-02-21
383,Zak,Angless,9463301321,Male,SC04,2002-10-01
384,Davey,Seacroft,1839156570,Male,SC02,2007-03-19
385,Byram,Kinmond,7332262479,Male,SC02,2009-08-04
386,Way,Soars,7977807912,Male,SC08,2009-06-01
387,Parke,Whetnall,9070958759,Male,SC03,2002-10-04
388,Joly,Tolerton,8923495794,Female,SC04,2007-03-01
389,Bambi,Matashkin,9360894869,Female,SC03,2000-02-08
390,Bat,Snelman,6716924124,Male,SC02,2003-10-03
391,Truman,MacDonogh,5992913661,Male,SC06,2001-12-10
392,Vivianna,Yurevich,5751871413,Female,SC06,2000-06-17
393,Scott,Sammes,1765180899,Male,SC05,2000-08-19
394,Rad,Wallice,2014181365,Male,SC06,2000-02-08
395,Bianca,Pitcher,0370402227,Female,SC01,2000-03-14
396,Carrissa,Eastlake,8896248140,Female,SC08,2005-10-16
397,Ferdinand,Cleland,4454744114,Male,SC02,2005-01-30
398,Tyson,Jephcott,0351938184,Male,SC08,2002-07-07
399,Jay,Redmain,4440526802,Male,SC06,2008-11-28
400,Camile,Snelgrove,3995569781,Female,SC01,2002-10-27
401,Kris,Symes,0678233136,Female,SC02,2003-03-15
402,Frieda,Infante,3061445498,Female,SC03,2000-11-18
403,Enos,Arling,8085499541,Male,SC04,2006-10-02
404,Ilse,Dorward,8717927641,Female,SC06,2002-06-05
405,Abrahan,Adan,7086601705,Male,SC07,2007-11-28
406,Bartholomeo,Marnane,5094420453,Male,SC08,2010-08-15
407,Andi,Yesinin,6087049029,Female,SC05,2007-11-19
408,Taddeo,Hackley,2192858841,Male,SC06,2009-03-29
409,Karlan,Longhorn,4911489189,Male,SC08,2005-04-12
410,Lurleen,Feek,2485207631,Female,SC05,2005-01-23
411,Stephanie,Fontell,5650331669,Female,SC05,2008-05-19
412,Archer,Wenban,3502592128,Male,SC02,2001-06-30
413,Almira,Lineham,5921784699,Female,SC08,2000-10-08
414,Demott,Woolger,6741407960,Male,SC03,2004-09-16
415,Abby,Bodleigh,4476452167,Female,SC06,2009-10-22
416,Betteann,Broadway,2259848370,Female,SC03,2009-12-08
417,Myrilla,de Amaya,3871929697,Female,SC06,2000-06-29
418,Eva,Belchambers,7842483256,Female,SC05,2002-04-29
419,Anne,Pirson,3981575210,Female,SC04,2009-01-04
420,Ben,Dietsche,7483866306,Male,SC08,2010-03-10
421,Dix,Liddington,7332976943,Female,SC01,2000-05-03
422,Iorgos,Hullett,2834245223,Male,SC01,2010-09-16
423,Alyosha,Harbertson,4889715541,Male,SC04,2000-07-07
424,Erhard,Gerwood,2610204299,Male,SC05,2003-01-01
425,Buckie,Filipczak,8873846238,Male,SC02,2008-07-10
426,Clyde,Giraudel,2772436438,Male,SC04,2005-03-21
427,Ainsley,Ulster,9251427313,Female,SC08,2001-02-28
428,Terrance,Maving,3353484426,Male,SC03,2005-09-02
429,Vania,Slevin,1659887593,Female,SC03,2003-10-07
430,Maisie,Burd,1706946074,Female,SC05,2007-11-12
431,Isabel,Burdfield,7530651978,Female,SC01,2009-02-02
432,Lee,Scoles,4588033514,Male,SC02,2008-02-02
433,Nowell,Kellough,3061167099,Male,SC07,2008-01-06
434,Nita,Siely,7891394776,Female,SC01,2008-02-27
435,Doralyn,Catteroll,0819735825,Female,SC02,2010-11-01
436,Marco,Wortt,1725465493,Male,SC02,2002-02-02
437,Ileana,Van Halen,7499193578,Female,SC03,2002-05-02
438,Denny,Joll,7954851974,Female,SC06,2005-06-25
439,Maxim,Pick,3788364491,Male,SC08,2002-08-11
440,Flem,Kolis,8964341473,Male,SC08,2000-05-08
441,Celinda,Balsdone,1610691334,Female,SC03,2004-09-03
442,Ave,Darth,2052628029,Male,SC01,2001-11-13
443,Wernher,Muzzlewhite,9582599383,Male,SC06,2006-09-10
444,Thain,Rignoldes,1409199622,Male,SC06,2008-05-05
445,Herculie,Askell,1820374599,Male,SC04,2006-12-18
446,Lonna,Hudel,3105870598,Female,SC04,2001-11-06
447,Maxy,Huyge,3566136050,Female,SC06,2005-01-25
448,Malinde,Caulier,8685471516,Female,SC06,2001-11-20
449,Lanae,Simm,8484765881,Female,SC01,2007-06-25
450,Micaela,Humphrys,1041829299,Female,SC04,2005-01-06
451,Tammie,McKane,2444141180,Male,SC05,2000-12-31
452,Gabriell,Hawket,6396522055,Female,SC01,2006-12-31
453,Gunther,Critten,0992025303,Male,SC08,2000-06-27
454,Clemente,Walenta,2568735805,Male,SC08,2000-07-12
455,Florinda,Scherme,3725090025,Female,SC08,2006-08-02
456,Edi,Paddle,5795225835,Female,SC03,2006-04-08
457,Humberto,Hinkley,2273535406,Male,SC05,2005-04-21
458,Sybil,Nortcliffe,7720771672,Female,SC06,2003-10-18
459,Bradly,Chucks,3197271610,Male,SC03,2008-10-23
460,Avis,Parkman,0487060199,Female,SC08,2008-06-03
461,Rozanna,Bowart,3638543536,Female,SC02,2001-10-21
462,Grete,Jahner,1183722052,Female,SC06,2004-11-22
463,Giacomo,Jarley,7639453941,Male,SC05,2003-08-18
464,Harlin,Veld,2103846109,Male,SC05,2006-03-09
465,Cynthy,Goneau,5201253296,Female,SC08,2009-11-06
466,Bayard,O'Dyvoie,9613222650,Male,SC08,2005-08-26
467,Sonny,Raggett,1166363198,Male,SC08,2004-11-22
468,Spencer,Clawley,9673173273,Male,SC03,2009-12-24
469,Poppy,Rumens,5242336919,Female,SC05,2006-01-20
470,Delores,Shakelade,2798275563,Female,SC05,2005-11-04
471,Elmo,Pagitt,9582929030,Male,SC06,2009-09-08
472,Pat,Henrionot,3724182880,Male,SC04,2010-05-24
473,Ciro,Gleasane,3835074369,Male,SC05,2005-07-07
474,Nathalia,Tankus,5924220591,Female,SC04,2009-10-23
475,Chickie,Hanselmann,7272331275,Male,SC05,2007-04-14
476,Karlens,Jamary,2919358146,Male,SC07,2003-12-31
477,Gerrilee,Dunsmuir,2916162011,Female,SC08,2003-12-10
478,Rudolfo,Clohessy,5696261329,Male,SC02,2005-06-20
479,Alexine,Biford,0598232400,Female,SC04,2004-11-03
480,Wilfred,Masey,4438400724,Male,SC06,2002-11-09
481,Bidget,Dumbelton,0096702524,Female,SC06,2002-10-24
482,Cash,Clemmen,9220053543,Male,SC02,2009-08-17
483,Boycie,Suttling,7085797029,Male,SC07,2002-10-22
484,Cliff,Fattore,7592976579,Male,SC01,2005-06-02
485,Darcie,Culshaw,0148252508,Female,SC08,2005-11-03
486,Moreen,Tipperton,5912090698,Female,SC01,2010-02-18
487,Wolf,Vargas,5400729592,Male,SC07,2009-12-28
488,Crichton,Kordova,8366988716,Male,SC05,2010-11-14
489,Carlie,Althorpe,7121877651,Female,SC06,2008-05-31
490,Catherine,Veeler,3889341497,Female,SC05,2007-07-30
491,Ly,Doughton,0823451089,Male,SC07,2009-02-11
492,Esmeralda,Lympany,8390955865,Female,SC08,2000-11-04
493,Klemens,Arnely,8035500120,Male,SC01,2007-04-04
494,Bentley,Quakley,1906692246,Male,SC04,2000-11-15
495,Erina,Bracci,1317188756,Female,SC03,2007-04-25
496,Huntlee,Freckleton,8145668425,Male,SC03,2006-03-17
497,Maitilde,Vigors,5495473345,Female,SC02,2006-11-19
498,Clem,Bursnell,1176797220,Male,SC04,2003-06-05
499,Staci,Sadlier,2652517163,Female,SC02,2001-06-06
500,Danila,Wedderburn,0134357485,Female,SC07,2002-12-25
501,Lynette,De Hooge,4076483553,Female,SC01,2004-06-12
502,Olva,Nann,2708789252,Female,SC07,2008-12-23
503,Berrie,Mannooch,8331335791,Female,SC08,2003-08-03
504,Darbee,Chaster,8873658393,Male,SC02,2007-03-16
505,Eloisa,Rider,9588946042,Female,SC08,2006-11-28
506,Phaedra,Chevin,7735156812,Female,SC04,2003-12-23
507,Randie,Scarlan,6212986908,Male,SC01,2003-10-17
508,Joanne,Rivaland,5385648159,Female,SC03,2007-08-10
509,Allard,Reape,2804422429,Male,SC07,2002-06-23
510,Killy,Corlett,4502231126,Male,SC03,2006-09-02
511,Brande,Juarez,0957915403,Female,SC01,2009-01-05
512,Cissiee,Yurchenko,8786309102,Female,SC06,2004-11-03
513,Torr,Millwater,9128178971,Male,SC04,2010-08-21
514,Sancho,Larrington,9638723920,Male,SC05,2001-02-11
515,Leonid,Ottam,9393629730,Male,SC04,2004-08-03
516,Coral,Mosedall,8227251609,Female,SC05,2004-12-13
517,Jania,McMenamin,5022970406,Female,SC03,2000-01-22
518,Carlotta,Kilshaw,6598317827,Female,SC03,2010-11-28
519,Rowney,Redit,3926895705,Male,SC08,2003-01-10
520,Elvin,Lisciandro,6398303873,Male,SC06,2005-05-21
521,Suzette,Banisch,0996678972,Female,SC03,2010-07-28
522,Tamar,Lesek,3242507797,Female,SC03,2008-01-21
523,Kerr,Steart,1449889328,Male,SC04,2000-06-09
524,Gratia,Angier,4159026192,Female,SC03,2006-11-29
525,Darlleen,Collopy,5083083795,Female,SC04,2005-05-23
526,Janeen,Cullity,6302635926,Female,SC06,2001-01-16
527,Desirae,Vinecombe,3910925979,Female,SC06,2010-05-13
528,Filmore,Cline,3251380907,Male,SC07,2001-02-07
529,Pip,Dingle,3821947977,Male,SC02,2001-05-21
530,Federico,Morbey,3255013941,Male,SC05,2000-05-06
531,Brody,Wooller,7085881178,Male,SC02,2006-07-11
532,Halimeda,McElrea,0754413659,Female,SC05,2000-06-14
533,Teresita,Tourville,2064303391,Female,SC08,2005-12-27
534,Gannie,Elkins,8433812777,Male,SC02,2004-10-21
535,Alfredo,Cosin,0103000542,Male,SC02,2006-06-04
536,Robinette,Goodisson,3893064729,Female,SC03,2006-05-20
537,Halley,Domenge,3198439256,Female,SC05,2007-01-21
538,Thoma,Bance,2189998220,Male,SC06,2007-11-18
539,John,Caddies,2006604600,Male,SC06,2010-02-27
540,Shirl,Heyns,0355592401,Female,SC05,2004-05-20
541,Renata,Aspy,3010169949,Female,SC06,2000-06-03
542,Elke,Rosendale,6233390311,Female,SC05,2009-12-16
543,Trey,Akester,2473934401,Male,SC02,2008-12-05
544,Erie,Ortmann,6614962760,Male,SC01,2007-04-15
545,Daren,Hemphrey,6363782295,Male,SC03,2000-06-04
546,Gayle,D'Antuoni,6678504860,Male,SC05,2004-03-23
547,Gerta,Cordey,9515775868,Female,SC07,2003-07-28
548,Joelie,Millyard,6067887061,Female,SC03,2004-08-18
549,Constanta,Piscopiello,0758313101,Female,SC01,2007-04-10
550,Edouard,Antonat,5965717822,Male,SC02,2007-12-16
551,Ryan,Vellacott,4196658040,Male,SC03,2010-08-17
552,Dex,Headon,1348163356,Male,SC02,2008-05-20
553,Zeke,Moger,4222070564,Male,SC05,2002-05-10
554,Artemas,Twiname,8539140926,Male,SC04,2008-10-28
555,Price,Millimoe,9271494830,Male,SC08,2009-01-23
556,Bartel,Roxbrough,6500893271,Male,SC02,2005-12-20
557,Saxe,Workman,5017411453,Male,SC03,2000-06-17
558,Margaretta,Menlove,1594980578,Female,SC03,2009-12-19
559,Helli,Asbrey,2095852680,Female,SC06,2010-08-03
560,Jordana,Thunder,8688246335,Female,SC01,2000-03-14
561,Karon,Imlock,8504499995,Female,SC06,2004-01-10
562,Bridgette,McLeman,6762800688,Female,SC04,2004-07-26
563,Orly,Roberto,5867121275,Female,SC02,2006-09-25
564,Verina,Shawdforth,3552512594,Female,SC06,2008-04-30
565,Ansley,Garrique,0597333513,Female,SC03,2005-03-17
566,Flin,Holbarrow,6039516518,Male,SC06,2008-01-07
567,Rutger,Dennis,5248051975,Male,SC03,2010-07-10
568,Adolpho,Smythe,1645546624,Male,SC06,2002-08-30
569,Linda,Keble,5156249841,Female,SC01,2010-05-21
570,Gualterio,Philott,1441114033,Male,SC05,2008-04-17
571,Monika,Pinn,0852165900,Female,SC06,2009-08-21
572,Cyb,Plaister,9250701748,Female,SC08,2008-02-17
573,Sarajane,Girodin,8235479370,Female,SC01,2006-01-10
574,Bruce,Astall,5672891381,Male,SC04,2005-06-05
575,Desi,Lay,2878384288,Male,SC06,2009-09-11
576,Maynord,Revely,7195970086,Male,SC03,2009-04-28
577,Milo,Steade,6559267970,Male,SC03,2010-08-26
578,Boonie,Vannucci,8123462743,Male,SC06,2004-03-28
579,Eulalie,Trevers,7492704844,Female,SC06,2001-10-10
580,Cecile,Scotson,5090668620,Female,SC01,2010-12-26
581,Jody,King,3171443023,Female,SC02,2004-01-20
582,Florida,Peffer,0182046931,Female,SC06,2001-07-04
583,Finn,Ivanov,3722332796,Male,SC06,2007-05-24
584,Tuesday,Buglass,8618853747,Female,SC03,2002-03-04
585,Berrie,Diviny,4251954351,Female,SC08,2008-05-15
586,Rodolphe,Marquese,6962043155,Male,SC06,2009-11-24
587,Selie,Stott,3045649521,Female,SC04,2003-01-12
588,Ignaz,Stearley,1946701092,Male,SC01,2004-06-12
589,Hally,Shoobridge,9985021754,Female,SC07,2008-09-18
590,Anabal,Charte,9174868950,Female,SC02,2002-07-18
591,Janaya,Guy,3303426171,Female,SC02,2001-05-08
592,Paulette,Jendricke,1517003733,Female,SC06,2009-08-15
593,Ki,Coatman,7916532026,Female,SC05,2009-05-27
594,Wendye,Retallick,7615119537,Female,SC01,2002-05-05
595,Amaleta,Benedyktowicz,0231624875,Female,SC05,2007-04-12
596,Boyce,Malyj,1535850906,Male,SC07,2005-09-11
597,Tab,Birdseye,8163227389,Male,SC03,2005-11-11
598,Cass,Klaff,9505986823,Male,SC08,2009-07-21
599,Konstance,Stithe,8943693907,Female,SC05,2007-03-15
600,Eduard,Stranaghan,8550626694,Male,SC04,2002-11-20
601,Lind,Heugle,0107709511,Female,SC07,2008-09-29
602,Sibylla,Antonoczyk,6165683169,Female,SC06,2008-01-10
603,Berkly,Arnaldy,2753230579,Male,SC01,2000-12-24
604,Sig,Tidey,7473790072,Male,SC03,2003-07-15
605,Nadeen,Gunton,3996184271,Female,SC05,2000-07-01
606,Yvonne,Gaul,8101889388,Female,SC05,2010-06-09
607,Sukey,Loveard,3471253122,Female,SC08,2010-12-11
608,Dulcea,Harkins,5638877096,Female,SC01,2005-09-07
609,Sam,Simoneton,1117236897,Female,SC03,2000-07-07
610,Irvin,Kevlin,9539019265,Male,SC05,2007-06-16
611,Cal,Figures,1726813487,Female,SC04,2000-08-08
612,Megen,Tarrier,8549843326,Female,SC04,2005-08-24
613,Ailey,Caruth,7761491437,Female,SC06,2000-11-19
614,Alikee,Seamer,8725977733,Female,SC04,2002-12-26
615,Harbert,Pickervance,4654111956,Male,SC06,2003-01-26
616,Bettina,Aldgate,9097753139,Female,SC02,2003-08-22
617,Janeen,Bischof,2674160659,Female,SC05,2000-06-14
618,Kimberlee,Asee,9631661385,Female,SC04,2004-02-07
619,Nanice,Garric,4752593254,Female,SC07,2002-08-08
620,Joshua,Padula,1767023065,Male,SC04,2001-12-21
621,Britte,Haitlie,2494018021,Female,SC08,2003-12-26
622,Monroe,Bullus,5600827679,Male,SC07,2004-11-25
623,Rozalin,Geraghty,0446863300,Female,SC05,2004-08-11
624,Valera,Franchioni,7362570465,Female,SC06,2004-12-30
625,Matthiew,Seiter,0327437065,Male,SC07,2009-01-08
626,Jackqueline,Churchard,4438005906,Female,SC08,2005-11-12
627,Paola,Whartonby,6053813079,Female,SC07,2004-01-26
628,Ivonne,Ivanuschka,7776778516,Female,SC05,2003-01-28
629,Franny,Gounod,0262935880,Male,SC07,2002-02-17
630,Raychel,Antrum,4912931713,Female,SC05,2000-01-08
631,Caron,Ellingsworth,5337368540,Female,SC01,2005-07-02
632,Raleigh,Alwin,7438398323,Male,SC05,2002-12-11
633,Leena,Oakeby,5707983376,Female,SC05,2004-01-02
634,Idalia,Duck,5851469455,Female,SC07,2009-03-04
635,Mathilde,Barensen,1590550706,Female,SC04,2008-03-30
636,Giulio,Rasell,1545090599,Male,SC04,2006-06-27
637,Isacco,Trevillion,6762864201,Male,SC02,2003-08-23
638,Delmer,Youhill,0080002196,Male,SC02,2009-04-17
639,Kristi,Ebertz,8555806828,Female,SC03,2002-06-07
640,Greg,Zuanelli,7343691759,Male,SC04,2010-02-11
641,Aretha,Mawne,4060694894,Female,SC02,2006-09-29
642,Jeri,Hitzmann,3398234291,Female,SC04,2002-06-23
643,Chrysa,Zienkiewicz,2630002802,Female,SC03,2005-02-24
644,Karly,Tosspell,1326559656,Female,SC07,2002-11-22
645,Tillie,Vogele,4473867595,Female,SC02,2000-03-08
646,Alfi,Sharply,8329103358,Female,SC02,2001-01-09
647,Arlee,Herreros,9921186116,Female,SC06,2010-09-23
648,Trip,Upham,1499496885,Male,SC05,2004-10-06
649,Kalina,Cordeiro,5860384661,Female,SC08,2008-12-24
650,Wilhelmina,Lawee,4835904516,Female,SC05,2003-08-04
651,Franky,Kinny,7572289932,Female,SC07,2005-09-01
652,Myles,Bernardo,9609503055,Male,SC06,2008-06-23
653,Lorianna,Sawyer,6736752809,Female,SC01,2008-02-29
654,Christabella,Grene,4889501010,Female,SC01,2006-07-21
655,Marga,Priddey,0662002407,Female,SC04,2004-11-10
656,Linnea,Woollett,0906414334,Female,SC04,2007-08-17
657,Sampson,Ebben,7854016364,Male,SC06,2007-06-15
658,Rabi,Fassam,7724658625,Male,SC08,2005-01-11
659,Sheelagh,Probat,5564973496,Female,SC02,2001-08-29
660,Bayard,Stork,0977030474,Male,SC05,2003-07-15
661,Bobbe,Meir,6105646577,Female,SC04,2006-03-31
662,Rowena,Tear,5204674217,Female,SC03,2001-05-01
663,Dani,Lambol,8749605534,Male,SC04,2001-10-13
664,Dreddy,Ebbutt,4079249969,Female,SC05,2006-04-22
665,Ingelbert,Haggerty,0468945393,Male,SC02,2007-07-02
666,Marney,Ranfield,8499065333,Female,SC04,2009-05-27
667,Jeffrey,Dunbobbin,9900084551,Male,SC06,2005-05-08
668,Eustacia,O'Kynsillaghe,4557783538,Female,SC03,2009-10-29
669,Marcelia,Bordone,9569013540,Female,SC03,2002-03-16
670,Wini,Kondratyuk,6604128652,Female,SC08,2001-09-06
671,Hillard,Bordiss,1294218352,Male,SC01,2006-07-06
672,Saxe,Caltun,0684535793,Male,SC05,2001-04-28
673,Carlye,Tarquinio,4929730430,Female,SC06,2010-06-05
674,Anabal,Westhead,5964013813,Female,SC04,2006-04-27
675,Chrystal,Ginger,5333540136,Female,SC07,2004-07-11
676,Archibaldo,Blundon,7758536956,Male,SC05,2010-12-01
677,Rourke,Trewhela,6656371280,Male,SC08,2010-06-26
678,Philip,Whye,1082764558,Male,SC07,2008-01-17
679,Willey,Ionesco,3202085913,Male,SC04,2009-04-25
680,Melodie,Ishchenko,7497449540,Female,SC05,2009-12-20
681,Fran,McReedy,3362883168,Male,SC02,2009-07-17
682,Wit,Fetterplace,1142744094,Male,SC04,2005-10-30
683,Bevin,Arger,7609896284,Male,SC04,2008-09-12
684,Rey,Coram,6363441870,Male,SC03,2002-12-22
685,Modestine,Sego,3959027672,Female,SC08,2010-04-11
686,Izzy,Guest,6257673046,Male,SC08,2009-08-05
687,Janeen,Deinhardt,7499960668,Female,SC06,2002-02-01
688,Berton,Drakeford,4687909426,Male,SC05,2007-07-27
689,Kakalina,Dimitrescu,6269759897,Female,SC01,2006-09-30
690,Leon,Havis,2888746255,Male,SC05,2000-07-14
691,Konrad,Patrickson,8057659149,Male,SC02,2008-07-17
692,Kaila,Blackett,4601191033,Female,SC07,2002-01-10
693,Morgan,Stannas,6267052966,Male,SC06,2008-12-30
694,Charissa,Bentote,1750666294,Female,SC02,2007-01-26
695,Shoshana,Antonsen,2339527279,Female,SC01,2004-10-28
696,Merill,Grastye,4361908540,Male,SC02,2004-04-17
697,Kendell,Hansford,6288386812,Male,SC02,2003-01-27
698,Ferdinande,Esberger,1666004820,Female,SC03,2002-08-20
699,Denny,Mapis,0036617784,Male,SC03,2008-10-05
700,Heriberto,Jurick,0655085874,Male,SC05,2003-10-07
701,Fayth,Gammage,0041178122,Female,SC02,2001-05-16
702,Corrianne,Follett,0070051011,Female,SC08,2005-09-20
703,Burton,Albisser,8697579333,Male,SC08,2007-04-19
704,Con,Still,9240983643,Male,SC06,2009-04-03
705,Dodie,Jentges,2463850841,Female,SC01,2002-08-12
706,Derry,Preshaw,5201130690,Male,SC08,2009-10-04
707,Alric,Folini,1450857124,Male,SC05,2003-01-07
708,Saudra,Richardes,8781770375,Female,SC01,2004-04-08
709,Peter,Mallindine,1753089379,Male,SC07,2008-07-07
710,Sharity,Clamp,8120278909,Female,SC04,2005-03-22
711,Massimo,Itschakov,8507929230,Male,SC07,2000-01-17
712,Rolf,Santos,7368507145,Male,SC02,2006-09-13
713,Gaye,Mendonca,4959269723,Female,SC06,2006-07-08
714,Grantley,Linfield,5207489747,Male,SC08,2006-09-07
715,Laurens,Mehmet,5297119049,Male,SC03,2001-05-22
716,Gloria,Attenbrow,4527144995,Female,SC05,2002-02-12
717,Adria,Geockle,0919144594,Female,SC07,2010-04-27
718,Kenyon,Goscar,4493385359,Male,SC01,2008-11-06
719,Adelina,Elsworth,3065428067,Female,SC01,2004-05-30
720,Tatiania,Hackney,0146051521,Female,SC07,2000-08-11
721,Lilas,Vamplus,0262919907,Female,SC08,2001-04-28
722,Buiron,Raddin,6565800650,Male,SC03,2008-10-06
723,Geoffry,Yglesia,6487927082,Male,SC03,2007-05-02
724,Roxana,Bodle,2177573343,Female,SC04,2009-08-12
725,Alison,Weagener,0451054768,Female,SC04,2006-11-07
726,Engelbert,Elby,0180864262,Male,SC04,2008-01-24
727,Norean,Lancashire,9376648900,Female,SC05,2010-01-08
728,Kennith,Boulter,6598538335,Male,SC07,2010-06-01
729,Zedekiah,Derr,5219384309,Male,SC07,2001-09-19
730,Harrison,MacPaike,9001580033,Male,SC02,2002-01-24
731,Auria,Ludlom,9612489882,Female,SC07,2003-01-21
732,Ambros,Hurley,6881739958,Male,SC05,2005-05-28
733,Ninon,Brydone,5925393465,Female,SC02,2010-11-17
734,Simonne,Castana,4229064195,Female,SC03,2002-10-09
735,Dore,Wayper,0090465431,Male,SC08,2003-11-02
736,Stacia,Bertomier,1645032957,Female,SC06,2000-02-17
737,Eryn,Unwins,7485017772,Female,SC06,2001-03-12
738,Jamie,Woodus,9746352245,Male,SC06,2006-04-03
739,Dorotea,Cadigan,2567715401,Female,SC05,2000-12-31
740,Dara,Story,5912120554,Female,SC07,2010-12-22
741,Giacopo,Buckthought,3642840043,Male,SC02,2001-08-20
742,Freddy,Bayne,2036470963,Male,SC04,2004-12-28
743,Melly,Warner,6053856061,Female,SC02,2007-04-24
744,Juanita,Iacobucci,9508849711,Female,SC08,2002-05-06
745,Juline,Kalf,2215953705,Female,SC07,2010-05-14
746,Finlay,Millin,1198765127,Male,SC07,2008-03-28
747,Leoine,Tweedell,8098576825,Female,SC06,2007-09-15
748,Ynez,Scotchbrook,6397295729,Female,SC03,2004-08-17
749,Alberik,Edgar,2922653714,Male,SC07,2002-11-26
750,Mikaela,Dorsey,4128590525,Female,SC06,2008-03-05
751,Neille,Cussen,3554004936,Female,SC04,2003-10-22
752,Vern,Arthey,6016111341,Male,SC08,2000-07-13
753,Cary,Wapol,8882707792,Female,SC03,2002-04-08
754,Pacorro,Castagneri,9357737219,Male,SC02,2005-02-15
755,Gunner,Corneljes,5825298584,Male,SC03,2006-07-13
756,Laurent,Blayd,1886789215,Male,SC05,2004-12-06
757,Hanny,Antoshin,9289917687,Female,SC04,2000-05-10
758,Clem,Frood,0276121996,Female,SC07,2009-06-16
759,Salvatore,Siemantel,8618596698,Male,SC03,2000-07-20
760,Denise,Poor,9760532948,Female,SC07,2008-09-25
761,Janessa,Jersh,3030599698,Female,SC05,2005-08-06
762,Suzanne,Liquorish,6903742255,Female,SC02,2002-01-12
763,Fairlie,Hagergham,4817054492,Male,SC08,2003-12-31
764,Oren,Wudeland,1476885990,Male,SC01,2009-06-01
765,Mannie,Filippi,5838112123,Male,SC03,2009-09-11
766,Chrisy,Eva,5040430620,Male,SC01,2001-10-24
767,Lorrin,Dafydd,8717828414,Female,SC03,2004-05-03
768,Mirilla,O'Dowling,2119589291,Female,SC08,2007-04-05
769,Gilbertine,Kivlehan,7725298967,Female,SC06,2002-03-09
770,Verina,Isaaksohn,4159990339,Female,SC04,2007-06-14
771,Lyndsey,Dripps,1381482589,Female,SC08,2004-05-08
772,Jordain,Oliffe,1451254210,Female,SC05,2002-08-08
773,Beatrisa,Beloe,8566860772,Female,SC05,2003-08-13
774,Stillman,Pedlar,7188657157,Male,SC08,2002-08-26
775,Innis,Shovlin,1478783222,Male,SC05,2008-02-17
776,Reinaldos,O'Cleary,3057096212,Male,SC04,2002-09-17
777,Craig,Holdron,8076027055,Male,SC02,2004-10-19
778,Thain,Matchett,7300853153,Male,SC02,2008-07-31
779,Rabbi,Younie,9574715701,Male,SC05,2004-12-12
780,Jelene,Masserel,8140398993,Female,SC02,2000-05-18
781,Melody,Ableson,2103317890,Female,SC06,2010-12-12
782,Sela,Ridder,8866507482,Female,SC08,2005-02-28
783,Karalee,Frobisher,7737910948,Female,SC08,2007-12-05
784,Arline,Lissaman,1351842498,Female,SC04,2005-12-21
785,Gregg,Nizard,3330862815,Male,SC07,2006-09-07
786,Friedrick,Godmar,3354119012,Male,SC04,2004-09-04
787,Jacquelyn,Willes,8299758459,Female,SC04,2004-02-14
788,Marillin,De Bruijne,6508508458,Female,SC02,2002-09-24
789,Berton,Sample,8801138423,Male,SC07,2008-04-23
790,Roldan,Dibbs,6159891952,Male,SC05,2005-01-02
791,Kalila,Mayling,2196628603,Female,SC07,2005-06-28
792,Wit,Milella,9691872757,Male,SC05,2002-02-05
793,Korie,Henniger,1998234894,Female,SC01,2001-02-17
794,Dasi,Questier,0474540618,Female,SC01,2007-03-10
795,Izak,Cohane,3936191484,Male,SC04,2005-02-01
796,Mirabel,Deners,4701616532,Female,SC08,2008-04-23
797,Mirilla,Ilyushkin,1772423955,Female,SC04,2002-09-07
798,Marcile,Chazotte,9170796068,Female,SC06,2004-06-20
799,Stearne,Klemke,5391610613,Male,SC01,2007-02-28
800,Gus,Chellam,7616658024,Male,SC02,2005-05-14
801,Emogene,Abby,7595935547,Female,SC04,2002-01-05
802,Innis,Megany,5673188048,Male,SC03,2009-12-23
803,Stern,Spindler,4807173162,Male,SC01,2008-12-01
804,Zachariah,Aronoff,2311030248,Male,SC02,2007-09-18
805,Marcella,MacConnel,6354671338,Female,SC02,2002-09-08
806,Wilow,Pooly,8606595683,Female,SC03,2007-08-03
807,Cirstoforo,Verecker,0330878794,Male,SC06,2000-04-17
808,Margaux,Basillon,3587708010,Female,SC03,2004-12-19
809,Norrie,Eaton,7661769468,Male,SC07,2009-10-25
810,Fletcher,Castellino,9645258588,Male,SC02,2002-02-16
811,Hurley,Paulou,8258680145,Male,SC03,2005-10-26
812,Caitrin,Baylis,7318242768,Female,SC07,2006-01-11
813,Alberto,Gueny,7197792177,Male,SC01,2000-12-10
814,Sean,Mansford,2403589551,Male,SC03,2004-03-13
815,Brion,Keasy,2518506004,Male,SC02,2008-06-07
816,Emlynn,Benbow,5776946778,Female,SC05,2010-02-06
817,Ilsa,Harcombe,9139807479,Female,SC01,2008-03-27
818,Ken,Gorthy,9790451113,Male,SC04,2008-02-05
819,Ophelia,Longstreet,5443779354,Female,SC02,2003-12-04
820,Sybil,Mulvany,2630401421,Female,SC03,2006-05-19
821,Elora,Thurley,0296887943,Female,SC06,2005-03-18
822,Elenore,Empson,1490797602,Female,SC08,2008-08-27
823,Caddric,Burchnall,0002567911,Male,SC04,2001-03-07
824,Jonah,Risbridge,9419254070,Male,SC07,2010-12-09
825,Maxy,Daugherty,4473089584,Male,SC07,2003-06-09
826,Jimmie,Ingamells,9327816641,Male,SC01,2010-06-06
827,Roberto,Grabham,3697321161,Male,SC08,2005-02-27
828,Tris,Songhurst,7180647241,Male,SC07,2006-11-30
829,Dacy,Regnard,8332672988,Female,SC07,2002-10-30
830,Anastassia,Sommerled,6726633041,Female,SC08,2005-01-22
831,Hollie,James,4339904236,Female,SC02,2001-05-09
832,Eddy,Furnell,8978706231,Male,SC02,2004-03-19
833,Wendi,Rape,1122910762,Female,SC07,2001-03-03
834,Estelle,D'Acth,9675845562,Female,SC04,2008-08-24
835,Iosep,Treadwell,0032991916,Male,SC08,2009-01-27
836,Clemente,O'Dowling,7212748072,Male,SC08,2010-11-13
837,Oran,Jaggi,4714820710,Male,SC07,2003-12-19
838,Verney,Battie,0878062726,Male,SC04,2000-08-08
839,Antoine,Drage,6227419915,Male,SC04,2000-09-04
840,Louie,Wyman,0591968290,Male,SC01,2004-09-22
841,Theadora,Darey,1469050331,Female,SC08,2004-06-13
842,Mathew,Ricardo,7240786064,Male,SC03,2004-09-16
843,Janenna,Pooley,1945414731,Female,SC07,2004-05-14
844,Teddy,Nickols,4658197103,Female,SC04,2008-05-05
845,Mureil,Lilly,3105471146,Female,SC02,2000-02-23
846,Bianca,Grangier,2895534578,Female,SC03,2008-05-08
847,Farand,Virgin,2479306631,Female,SC04,2008-04-10
848,Alleen,Domoney,8493656968,Female,SC04,2010-02-02
849,Rory,Schottli,9297699626,Male,SC08,2004-12-29
850,Jess,Stanett,4580792580,Male,SC07,2007-05-04
851,Barrie,Panting,5593517703,Male,SC02,2008-08-04
852,Launce,Abrahmson,5980972048,Male,SC08,2004-02-03
853,Augustine,Crump,1978876572,Male,SC06,2004-07-17
854,Derron,Chaffyn,7093518338,Male,SC03,2000-10-19
855,Germaine,Kmieciak,2025231164,Male,SC01,2000-09-15
856,Conroy,Langabeer,2378210582,Male,SC03,2004-08-03
857,Pasquale,Colthard,5265024565,Male,SC05,2008-12-20
858,Hodge,Portchmouth,8639791090,Male,SC08,2003-06-27
859,Mellicent,Sykora,9153832876,Female,SC06,2003-07-26
860,Tracey,Veel,3648796372,Male,SC01,2001-03-28
861,Blanch,Longworth,5378614090,Female,SC05,2005-06-08
862,Doria,Tivnan,6748978823,Female,SC04,2001-08-09
863,Andros,Beels,1492601136,Male,SC01,2001-05-14
864,Sayre,Canton,1408913526,Male,SC05,2000-08-04
865,Ursula,Zink,8467012501,Female,SC04,2007-11-18
866,Raf,Harmon,2861558938,Female,SC07,2005-09-22
867,Davon,Dannatt,5898314334,Male,SC01,2003-01-05
868,Viviana,Point,8728896262,Female,SC05,2003-07-26
869,Steffie,Corson,8728919262,Female,SC01,2009-05-13
870,Pryce,Oakey,9606195139,Male,SC06,2007-02-10
871,Oby,Haughan,0146008626,Male,SC07,2005-07-03
872,Saw,Eplate,7158865878,Male,SC01,2005-01-04
873,Zared,Bowdon,6987851816,Male,SC01,2003-06-26
874,Sigismondo,Licari,0374047685,Male,SC03,2003-05-09
875,Marrissa,Gason,5910436465,Female,SC06,2000-02-13
876,Irina,Qualtro,7478178790,Female,SC03,2004-05-01
877,Shana,McFeat,3428435435,Female,SC06,2006-07-16
878,Gawen,Deeney,7997351736,Male,SC02,2008-03-07
879,Issi,Josipovic,1707604916,Female,SC08,2007-03-26
880,Bernetta,Dering,3001592680,Female,SC07,2004-02-14
881,Cyrus,Scripture,3042736903,Male,SC04,2010-05-22
882,Rikki,Farra,3746777542,Female,SC04,2001-04-17
883,Zenia,Hamblington,1197886680,Female,SC01,2003-05-27
884,Virgil,Brummell,0306686287,Male,SC01,2009-11-20
885,Fawnia,Gaitskill,2985905893,Female,SC02,2005-07-20
886,Klemens,Bracco,4920778333,Male,SC05,2003-09-10
887,Dill,Finlason,3875757610,Male,SC01,2007-12-31
888,Patty,McAuley,9980011920,Male,SC04,2009-06-17
889,Jillane,Currell,2605472574,Female,SC08,2009-04-13
890,Cheslie,Redholls,2130084109,Female,SC06,2010-04-30
891,Olympia,Krug,6225450408,Female,SC06,2008-06-17
892,Eadie,Ridge,8168548108,Female,SC03,2009-12-31
893,Cassius,Vango,4311523297,Male,SC04,2000-09-09
894,Erich,Frail,0363939407,Male,SC06,2005-02-11
895,Berty,Pockett,1216911932,Female,SC05,2009-04-03
896,Meara,Pautot,6969731154,Female,SC01,2005-04-08
897,Cy,Pimer,9593998829,Male,SC01,2004-07-23
898,Johnathan,Uman,1143565606,Male,SC05,2002-04-06
899,Virgina,Czapla,2625605618,Female,SC02,2001-02-20
900,Nealon,Agent,8440567030,Male,SC08,2004-03-23
901,Hanna,Villiers,7926647977,Female,SC05,2008-11-04
902,Lonee,Tebbs,9741154623,Female,SC01,2001-02-09
903,Mattie,Cristofano,7395122755,Female,SC03,2006-12-18
904,Marketa,Drewes,8356328527,Female,SC07,2000-04-05
905,Geri,Tongue,1725974630,Male,SC05,2006-07-09
906,Chris,Olekhov,0638456878,Female,SC04,2002-06-26
907,Enoch,Rodgers,1560106832,Male,SC05,2009-01-24
908,Angus,Tettersell,9049574939,Male,SC08,2009-10-26
909,Rollin,Egre,8543728231,Male,SC08,2008-08-31
910,Lotta,Massard,6090529826,Female,SC04,2007-12-22
911,Celestine,Sydney,9662591672,Female,SC02,2007-06-06
912,Phaedra,Hagwood,2016962127,Female,SC07,2004-10-21
913,Tulley,Dilloway,7944770939,Male,SC07,2002-03-07
914,Trev,Tarn,1751775267,Male,SC03,2010-10-07
915,Lavina,Dallin,9920076325,Female,SC07,2010-01-11
916,Had,Robison,1896190146,Male,SC02,2003-09-02
917,Lindy,Andric,9528521738,Male,SC07,2003-04-05
918,Davidde,Huby,4239965969,Male,SC05,2010-12-03
919,Benedikta,Gouinlock,9045297574,Female,SC06,2001-08-08
920,Reeba,Hardisty,8797238783,Female,SC07,2002-04-02
921,Gerrie,Squibb,8141972154,Male,SC06,2006-10-20
922,Jennee,Rowles,1164791613,Female,SC02,2002-09-03
923,Ruthe,Butchart,1941351972,Female,SC01,2009-12-05
924,Darsey,Wauchope,6215749796,Female,SC08,2008-05-04
925,Avril,Bunn,9872988579,Female,SC03,2004-10-30
926,Monah,Leppard,0656499192,Female,SC06,2006-03-17
927,Jacquetta,Cheves,6129163649,Female,SC07,2003-11-28
928,Jameson,Pymar,9649983139,Male,SC04,2007-03-18
929,Meier,Servante,7411573167,Male,SC03,2008-10-26
930,Carson,Matschoss,3256486940,Male,SC06,2001-09-28
931,Giffard,Omand,4004386365,Male,SC04,2008-12-02
932,Harri,Worsfold,0328542091,Female,SC01,2008-12-16
933,Sherwood,Jolliss,4768434835,Male,SC04,2008-07-26
934,Tory,Kynman,6477470454,Female,SC07,2007-08-19
935,Dietrich,Vant,5951396204,Male,SC07,2008-12-24
936,Josh,Jovis,6472304475,Male,SC03,2003-12-18
937,Wayland,Meir,8392621263,Male,SC08,2010-08-05
938,Georgi,Plomer,0811718190,Male,SC06,2003-11-01
939,Sibley,Lernihan,1612734480,Female,SC08,2006-03-11
940,Jasmine,Napolione,9189037731,Female,SC06,2004-04-11
941,Henry,Crandon,6708925826,Male,SC03,2010-12-06
942,Cathee,Laraway,7651906314,Female,SC08,2006-10-23
943,Elyse,Thredder,2072607442,Female,SC08,2010-04-01
944,Ericha,Bigglestone,5414817715,Female,SC06,2010-07-08
945,Caron,Outlaw,6584228398,Female,SC08,2003-11-18
946,Rob,Holberry,0835458970,Male,SC08,2004-09-18
947,Melita,Benedict,5341609204,Female,SC08,2010-10-05
948,Fremont,Reeds,8779182569,Male,SC05,2008-11-21
949,Elmo,Enrich,3369843056,Male,SC08,2003-11-30
950,Bren,Ardron,6530003746,Female,SC07,2005-01-10
951,Dom,Pays,8531167833,Male,SC01,2004-03-08
952,Noreen,Fairrie,8441571783,Female,SC08,2000-04-20
953,Milo,Cawdell,3905815826,Male,SC07,2003-01-04
954,Chalmers,Feldbrin,6003103051,Male,SC03,2008-12-29
955,Levy,Owers,0431674507,Male,SC07,2008-01-18
956,Kevon,Lodevick,6443985168,Male,SC04,2000-06-07
957,Kerby,Illston,0123646383,Male,SC06,2006-05-24
958,Felicio,Blaycock,3332736558,Male,SC08,2004-12-16
959,Sibby,Amburgy,0731202120,Female,SC03,2007-12-12
960,Buddy,Coopey,7631072825,Male,SC03,2005-02-14
961,Fonzie,Handrok,9473966083,Male,SC01,2005-03-08
962,Donall,Hustings,4306679985,Male,SC08,2003-12-24
963,Claus,Bollom,6667635721,Male,SC03,2010-08-20
964,Torrence,Hawksby,6253821083,Male,SC04,2008-03-15
965,Latashia,Stansfield,0304287342,Female,SC02,2008-10-09
966,Frayda,Staresmeare,2761684508,Female,SC02,2002-07-10
967,Danielle,Grichukhanov,5469559262,Female,SC08,2009-12-22
968,Germain,Artharg,3420473931,Female,SC06,2006-08-09
969,Bronny,Espine,0706649834,Male,SC03,2002-09-29
970,Brendan,Maren,6361479838,Male,SC07,2009-09-01
971,Marcos,Bremmell,3608419217,Male,SC04,2003-04-03
972,Audry,Luckcuck,9675981717,Female,SC08,2001-07-08
973,Hilliary,Beinke,6769377586,Female,SC07,2008-05-12
974,Shurlock,Mattussevich,7887209617,Male,SC02,2004-03-02
975,Desi,Cottu,6367729275,Male,SC03,2010-11-05
976,Sherie,Riquet,2294032764,Female,SC01,2006-04-16
977,Lesli,Poller,7837902521,Female,SC06,2002-01-22
978,Orly,Jakubovsky,8189410342,Female,SC03,2003-05-06
979,Adrianne,Ethington,4559782628,Female,SC08,2010-11-19
980,Worthy,Brastead,7103473528,Male,SC06,2007-12-28
981,Noemi,Talton,9629098490,Female,SC08,2009-01-25
982,Irma,Hencke,2559180286,Female,SC06,2005-07-23
983,Crosby,Dominguez,4472940507,Male,SC08,2001-04-24
984,Hagan,Nand,5797694069,Male,SC03,2010-02-12
985,Gale,Trousdell,5815926191,Female,SC02,2010-11-11
986,Graehme,Fowlds,4547340137,Male,SC03,2001-09-13
987,Theresina,Shawyers,2009696212,Female,SC05,2003-03-08
988,Noach,Ebsworth,8463443427,Male,SC04,2008-02-27
989,Emlyn,Lorans,9067260983,Female,SC08,2000-01-26
990,Chlo,Chesley,2305503792,Female,SC01,2007-05-20
991,Agnes,Stirton,8626114192,Female,SC04,2004-11-15
992,Heather,Lusgdin,5010656310,Female,SC07,2004-02-02
993,Giselbert,Guiness,3560920116,Male,SC03,2000-10-31
994,Gray,Ewens,2276590335,Female,SC02,2003-04-11
995,Tuck,Simnor,9728826893,Male,SC05,2009-10-18
996,Susana,Bonnesen,1115806343,Female,SC04,2006-06-27
997,Honoria,Morphet,1179638174,Female,SC02,2005-10-04
998,Willabella,Curreen,1381000681,Female,SC01,2003-02-01
999,Murdoch,Yaneev,8115481491,Male,SC01,2010-09-13
1000,Sawyer,Tulloch,6614301357,Male,SC08,2006-09-26
